FID,atr_gr_id,atr_gr_tipo,atr_gr_visible,atr_gr_tiene_q,atr_gr_alerta,equip_a_codigo,equip_a_observaciones,equip_a_estado_fecha,equip_a_fecha_declaracion,estado_id,equip_b_senalizacion_ext,equip_b_acceso_modo,equip_b_nombre,cerramiento_id,acc_id,acc_dis_id,equip_b_tiene_interes,equip_b_superficie_aprox,cerramiento_material_id,web,zona_rec_geometria,zona_rec_es_merendero,tipo_zona_recreativa_id
zona_rec.72319,72319,18,true,false,,AGRAP00001,Propuesta de Fundación Patrimonio Natural pendiente de adjudicación,2010-06-16T00:00:00,1905-07-02T00:00:00,1,true,"A las afueras de Torrearevalo, en la pista al Acebal",Área Recreativa de La Fuentona,2,1,2,true,0,2,,POINT (550352.22910583 4645542.08589332),false,1
zona_rec.72416,72416,18,true,false,false,ARDAR00001,,2010-07-16T00:00:00,2002-04-11T00:00:00,1,false,Se accede por un camino que parte desde la ctra. ZA 324,Presa de Valcuevo,1,1,2,false,8425,4,,POINT (241644.591192131 4597230.46437017),false,1
zona_rec.72417,72417,18,true,false,,ARDAR00002,,2010-07-16T00:00:00,2002-04-11T00:00:00,1,false,Se accede por un camino que parte desde la ctra. ZA-v-2210,"El Piconico, Tudera",1,1,2,false,756,4,,POINT (232001.852512217 4588352.62660602),false,1
zona_rec.72418,72418,18,true,false,,ARDAR00003,,2010-07-16T00:00:00,2002-04-11T00:00:00,1,false,,Parque Infantil las Llagonicas,3,1,2,false,457,2,,POINT (221585.995407199 4584475.49328979),false,2
zona_rec.72419,72419,18,true,false,,ARDAR00004,,2010-07-16T00:00:00,2002-04-11T00:00:00,1,false,Ctra ZA-L-2218,Ermita Nuestra Señora del Castillo,3,1,2,true,5681,2,,POINT (225353.153517922 4592611.95072349),false,1
zona_rec.72420,72420,18,true,false,,ARDAR00005,,2010-07-16T00:00:00,2002-04-11T00:00:00,1,false,,Presa de la Ribera (Castro de Alcañices),1,1,2,false,1954,4,,POINT (233681.568162369 4609714.6532334),false,1
zona_rec.72421,72421,18,true,false,,ARDAR00006,,2010-07-16T00:00:00,2002-04-11T00:00:00,1,false,Crta ZA 304,Valle los Pozos,3,1,2,false,3078,6,,POINT (230133.14215119 4588201.56362063),false,1
zona_rec.72422,72422,18,true,false,,ARDAR00007,,2010-07-16T00:00:00,2002-04-11T00:00:00,1,false,"Crta ZA-p-2224, junto a casco urbano",Vallelcampo,1,1,2,false,500,4,,POINT (234760.15185972 4595246.15098056),false,1
zona_rec.72423,72423,18,true,false,,ARDAR00008,,2010-07-16T00:00:00,2002-04-11T00:00:00,1,false,"Crta ZA-p-2224, junto a casco urbano",Las Escuelas - Argañín,3,1,2,false,433,3,,POINT (231671.266063631 4592478.33570554),false,1
zona_rec.72424,72424,18,true,false,,ARDAR00009,,2010-07-16T00:00:00,2002-04-11T00:00:00,1,false,"Crta ZA-p-2222, junto a casco urbano",Area Molino Pachón,1,1,2,false,0,4,,POINT (227991.341785753 4593968.4303917),false,1
zona_rec.72425,72425,18,true,false,,ARDAR00010,,2010-07-16T00:00:00,2002-04-11T00:00:00,1,false,"Crta ZA-L-2217, junto a casco urbano Palazuelo.",Ermita Santa Catalina,1,1,2,false,1702,4,,POINT (225783.125445195 4585735.04261463),false,1
zona_rec.72426,72426,18,true,false,,ARDAR00011,,2010-07-16T00:00:00,2002-04-11T00:00:00,1,false,"Crta ZA-L-2215, junto a casco urbano Pinilla de Fermoselle.",Las Escuelas Pinilla de Fermoselle,3,1,2,false,3166,3,,POINT (217292.009617183 4585653.25767595),false,1
zona_rec.72427,72427,18,true,false,,ARDAR00012,,2010-07-16T00:00:00,2002-04-11T00:00:00,1,false,Camino agrícola,Camino de Chiviteros (Torregamones),1,1,2,false,226,4,,POINT (230095.793130884 4599584.12273707),false,1
zona_rec.72428,72428,18,true,false,,ARDAR00013,,2010-07-16T00:00:00,2002-04-11T00:00:00,1,false,,Fuente de la Santa Villadepera,1,1,2,false,375,4,,POINT (236771.427510297 4604922.47073874),false,1
zona_rec.72429,72429,18,true,false,,ARDAR00014,,2010-07-16T00:00:00,2002-04-11T00:00:00,1,false,"Crta ZA-L-2217, junto a casco urbano de Formariz.",Pradera de La Noria (Formariz),1,1,2,false,8567,4,,POINT (224541.524790651 4582234.97126419),false,1
zona_rec.72430,72430,18,true,false,,ARDAR00015,,2010-07-16T00:00:00,2002-04-11T00:00:00,1,false,En el casco urbano de Moralina.,Corral de Concejo (Moralina),3,1,2,false,159,3,,POINT (238305.772876847 4597807.52381303),false,1
zona_rec.72431,72431,18,true,false,,ARDAR00016,,2010-07-16T00:00:00,2002-04-11T00:00:00,1,false,Carretera,Merendero de Lumbrales El Colmenar,1,1,2,false,0,4,,POINT (190585.858728713 4541836.89119282),false,1
zona_rec.72432,72432,18,true,false,,ARDAR00017,,2010-07-16T00:00:00,2002-04-11T00:00:00,1,true,Carretera,Área Recreativa de Vallito Redondo,3,1,2,false,0,2,,POINT (195722.733974613 4562835.50365719),false,2
zona_rec.72433,72433,18,true,false,,ARDAR00018,,2010-07-16T00:00:00,2002-04-11T00:00:00,1,true,Pista asfaltada,Playa del Rostro,2,1,2,false,0,2,,POINT (198586.783833345 4572171.12189247),false,2
zona_rec.72434,72434,18,true,false,,ARDAR00019,,2010-07-16T00:00:00,2002-04-11T00:00:00,1,true,Pista,Merendero Los Molinos,1,1,2,false,0,4,,POINT (193114.838636121 4547421.2865327),false,1
zona_rec.72435,72435,18,true,false,,ARDAR00020,,2010-07-16T00:00:00,2002-04-11T00:00:00,1,false,Pista asfaltada,Área recreativa de La Barca,2,1,2,false,0,3,,POINT (184903.473619473 4557416.47095987),false,2
zona_rec.72436,72436,18,true,false,,ARDAR00021,,2010-07-16T00:00:00,2002-04-11T00:00:00,1,true,Pista,Área recreativa La Peña,3,1,2,false,0,3,,POINT (205381.686902554 4564423.87996041),false,2
zona_rec.72437,72437,18,true,false,,ARDAR00022,,2010-07-16T00:00:00,2002-04-11T00:00:00,1,false,Carretera,Merendero Molino de La Vega,1,1,2,false,0,4,,POINT (180778.889718946 4538767.86286805),false,1
zona_rec.72438,72438,18,true,false,,ARDAR00023,,2010-07-16T00:00:00,2002-04-11T00:00:00,1,true,Carretera,Área Recreativa El Valle de Saldeana,3,1,2,false,0,3,,POINT (194059.31728013 4547488.62961434),false,2
zona_rec.72439,72439,18,true,false,,ARDAR00024,,2010-07-16T00:00:00,2002-04-11T00:00:00,1,true,Carretera,Vega Terrón,1,1,2,false,0,4,,POINT (169735.476863941 4548831.15576755),false,2
zona_rec.72440,72440,18,true,false,,ARDAR00025,,2010-07-16T00:00:00,2002-04-11T00:00:00,1,false,Pista,Merendero La Bouza,3,1,2,false,0,5,,POINT (178546.940652974 4525113.31456909),false,1
zona_rec.72441,72441,18,true,false,,ARDAR00026,,2010-07-16T00:00:00,2002-04-11T00:00:00,1,true,Carretera,Área recreativa de Fuentes de Masueco,3,1,2,false,0,2,,POINT (201926.951409346 4562991.68374675),false,2
zona_rec.72442,72442,18,true,false,,ARDAR00027,,2010-07-16T00:00:00,2002-04-11T00:00:00,1,false,Pista asfaltada,Ermita Pereña,1,1,2,false,0,4,,POINT (204479.264812982 4573954.82131086),false,2
zona_rec.72443,72443,18,true,false,,ARDAR00028,,2010-07-16T00:00:00,2002-04-11T00:00:00,1,true,Pista,Área recreativa del Pozo de los Humos,1,1,2,false,0,4,,POINT (202155.728930201 4569653.50321638),false,2
zona_rec.72444,72444,18,true,false,,ARDAR00029,,2010-07-16T00:00:00,2002-04-11T00:00:00,1,true,Pista asfaltada,Teso de San Cristobal,1,1,2,false,0,4,,POINT (211945.276283931 4575382.57643013),false,2
zona_rec.72445,72445,18,true,false,,ARDAR00030,,2010-07-16T00:00:00,2002-04-11T00:00:00,1,false,Carretera,Llano de la Bodega,1,1,2,false,0,4,,POINT (191672.238887573 4568595.09686961),false,1
zona_rec.72446,72446,18,true,false,,ARDAR00031,,2010-07-16T00:00:00,2002-04-11T00:00:00,1,false,Carretera,Merendero de las Uces de Masueco,1,1,2,false,0,4,,POINT (201071.88204275 4565959.32971797),false,1
zona_rec.72447,72447,18,true,false,,ARDAR00032,,2010-07-16T00:00:00,2002-04-11T00:00:00,1,false,Carretera,Parque infantil Ermita del Cristo,3,1,2,false,0,2,,POINT (191554.14544111 4545004.10041499),false,2
zona_rec.72448,72448,18,true,false,,ARDAR00033,,2010-07-16T00:00:00,2002-04-11T00:00:00,1,true,Carretera,El Llano,3,1,2,false,0,7,,POINT (181095.739795479 4550612.72120901),false,1
zona_rec.72449,72449,18,true,false,,ARDAR00034,,2010-07-16T00:00:00,2002-04-11T00:00:00,1,false,Carretera,Merendero La Laguna,2,1,2,false,0,3,,POINT (181447.766725876 4541520.71757092),false,1
zona_rec.72450,72450,18,true,false,,ARDAR00035,,2010-07-16T00:00:00,2002-04-11T00:00:00,1,true,Carretera,Área recreativa de Vilvestre,3,1,2,false,0,2,,POINT (186921.959999595 4557113.68198827),false,2
zona_rec.72451,72451,18,true,false,,ARDAR00036,,2010-07-16T00:00:00,2002-04-11T00:00:00,1,true,Pista,Área recreativa del Pozo de los Humos,1,1,2,false,0,4,,POINT (200252.033833792 4568999.83553641),false,2
zona_rec.72452,72452,18,true,false,,ARDAR00037,,2010-07-16T00:00:00,2009-12-31T00:00:00,1,true,Carretera,Pozo de La Fregeneda,3,1,2,false,0,2,,POINT (174975.026529672 4544290.62190337),false,2
zona_rec.72453,72453,18,true,false,,ARDAR00038,,2010-07-16T00:00:00,2008-06-27T00:00:00,1,false,Carretera,Chopera de Barruecopardo,3,1,2,false,0,2,,POINT (191562.221143965 4553826.44516159),false,1
zona_rec.72454,72454,18,true,false,,ARDAR00039,"No dispone de infraestructura de uso público, se han arreglado únicamente unos abrevaderos existentes",2010-07-16T00:00:00,2009-12-31T00:00:00,1,true,Pista,Área natural de Los Navazos,1,1,2,false,0,4,,POINT (193624.339370005 4562747.74099482),false,1
zona_rec.72455,72455,18,true,false,,ARDAR00040,,2010-07-16T00:00:00,2009-12-31T00:00:00,1,true,Pista,Colagón del Tío Paco,3,1,1,false,0,2,,POINT (189704.127188889 4564603.41637685),false,2
zona_rec.72456,72456,18,true,false,,ARDAR00041,Se colocaron unas mesas de piedra en un área (antigua escombrera) restaurada por el Ayuntamiento,2010-07-16T00:00:00,2009-12-31T00:00:00,1,false,Carretera,Merendero de Saucelle,2,1,2,false,0,2,,POINT (184531.073433837 4551391.15789014),false,1
zona_rec.72457,72457,18,true,false,,ARDAR00042,,2010-07-16T00:00:00,2008-06-27T00:00:00,1,true,Pista,Merendero de Las Janas,3,1,2,false,0,2,,POINT (184011.390164632 4549294.27481344),false,1
zona_rec.72458,72458,18,true,false,,ARDAR00043,Se realizó un acondicionamiento por parte del Parque Natural,2010-07-16T00:00:00,2008-06-27T00:00:00,1,false,Carretera,Parque municipal de Cerezal de Peñahorcada,3,1,2,false,0,5,,POINT (193325.266811474 4559578.69803654),false,1
zona_rec.72459,72459,18,true,false,,ARDAR00044,,2010-07-16T00:00:00,2008-06-27T00:00:00,1,false,Pista,Teso de Cerezal de Peñahorcada,1,1,2,false,0,4,,POINT (192404.874759083 4558552.91246661),false,1
zona_rec.72460,72460,18,true,false,,ARDAR00045,Se acondicionó colocando unos bancos de piedra,2010-07-16T00:00:00,2008-12-31T00:00:00,1,false,Carretera,Entorno de la ermita de La Peña,1,1,2,false,0,4,,POINT (204611.996342399 4564068.87699239),false,1
zona_rec.76238,76238,18,true,true,false,BSFAR00001,La barbacoa tiene matachispas,2011-06-09T00:00:00,2000-07-11T00:00:00,1,false,Este área recreativa se encuentra junto al río Agadón a unos 900 m. de la población de Monsagro y a la que se accede bajando por una pista asfaltada que sale del mismo pueblo hacia el río.,El Charco de los Mozos,3,1,2,true,1500,10,,POINT (222511.148198018 4488378.14339236),false,2
zona_rec.76239,76239,18,true,true,,BSFAR00002,La barbacoa tiene matachispas,2011-06-09T00:00:00,2000-07-11T00:00:00,1,true,Este área recreativa está situada en la segunda carretera que va a Monforte de la Sierra y a la que se accede desde la carretera que va de La Alberca a Sotoserrano.,El Hortigal,3,1,2,true,4190,11,,POINT (239642.143605368 4484535.77926783),false,2
zona_rec.76240,76240,18,true,true,,BSFAR00003,,2011-06-09T00:00:00,2000-07-11T00:00:00,1,true,"Este área recreativa se encuentra situada en la carretera que va desde de El Maíllo a Monsagro y Serradilla del Arroyo. A unos 6,5 km de la población de El Maíllo.",El Pinalejo,3,1,2,true,3760,10,,POINT (225543.547801416 4492642.85151406),false,2
zona_rec.76241,76241,18,true,true,,BSFAR00004,"En las inmediaciones de esta área recreativa se inicia el sendero GR 10 hacia la Peña de Francia.
La barbacoa tiene matachispas",2011-06-09T00:00:00,2000-07-11T00:00:00,1,true,"Este área recreativa está a unos 5,5 km del pueblo de Monsagro por una pista que sale por la parte oeste del pueblo.",El Vao,3,1,2,true,8680,10,,POINT (219408.639279154 4487663.8983848),false,2
zona_rec.76242,76242,18,true,true,,BSFAR00005,,2011-06-09T00:00:00,2000-07-11T00:00:00,1,false,"Este merendero está situado en la carretera que va de La Alberca a Sotoserrano, a unos 7,5 km de la población de La Alberca.",Fuente de Madroñal,2,1,2,true,700,11,,POINT (240041.865391876 4483924.65111278),false,1
zona_rec.76243,76243,18,true,true,,BSFAR00006,"En las inmediaciones de este área recreativa se inicia el sendero adaptado ""Senda de los Castaños Centenarios"" y el sendero PRCSA-17.
La barbacoa tiene matachispas",2011-06-09T00:00:00,2000-07-11T00:00:00,1,false,"Este área recreativa está ubicado a la salida de la población de El Casarito (Nava de Francia), en la carretera SA- 201 (El Cabaco-La Alberca) .",Fuente del Cántaro,3,1,1,true,3880,11,,POINT (234184.154579638 4490355.73192906),false,2
zona_rec.76244,76244,18,true,true,,BSFAR00007,,2011-06-09T00:00:00,2000-07-11T00:00:00,1,false,Este merendero está situado en la carretera que baja desde la población de La Alberca al Valle de Las Batuecas.,Fuente del Tío Chelo,1,1,1,true,40,1,,POINT (235640.802396651 4483691.70235971),false,1
zona_rec.76245,76245,18,true,true,,BSFAR00008,,2011-06-09T00:00:00,2000-07-11T00:00:00,1,false,"Este merendero está situado en la carretera que desde Monsagro a la Peña de Francia, a 1,5 km de la población de Monsagro.",Fuente La Fría,1,1,2,true,100,1,,POINT (223880.962342535 4489507.42653476),false,1
zona_rec.76246,76246,18,true,true,,BSFAR00009,"Por la parte más alta de esta área recreativa pasa el sendero GR 10 en el tramo que va desde La Alberca a Monforte de la Sierra.
Una de las barbacoas tiene matachispas.",2011-06-09T00:00:00,2000-07-11T00:00:00,1,true,"Este área recreativa está situada a un 1,3 km del casco urbano de La Alberca en la carretera que va desde La Alberca a Mogarraz y Sotoserrano.",Fuente Castaño,3,1,2,true,19000,11,,POINT (237526.443372983 4486654.05783039),false,2
zona_rec.76247,76247,18,true,true,,BSFAR00010,"En las inmediaciones de este área recreativa está ubicado el camping ""Las Cávenes"". Este área recreativa está dotado de zona deportiva con frontón, campo de fútbol, pista polideportiva, además de contar con el centro de interpretación de la minería romana",2011-06-09T00:00:00,2000-07-11T00:00:00,1,true,Este área recreativa se encuentra a unos 500 m del pueblo de El Cabaco por la carretera SA-220 (a Ciudad Rodrigo).,La Dehesa,3,1,1,true,11000,12,,POINT (234712.508067392 4495476.2708458),false,2
zona_rec.76248,76248,18,true,true,,BSFAR00011,,2011-06-09T00:00:00,2000-07-11T00:00:00,1,true,"Este merendero está situado en la carretera SA-225 (Sotoserrano-Ríomalo de Abajo (Cáceres)) a unos 4,4 km de la población de Sotoserrano.",La Ferrería,3,1,2,true,11900,10,,POINT (241370.140417838 4477951.874532),false,1
zona_rec.76249,76249,18,true,true,,BSFAR00012,"Este área recreativa cuenta con una pequeña piscina y con zona deportiva (frontón, pista fútbol)
Dos de las barbacoas tienen matachispas",2011-06-09T00:00:00,2000-07-11T00:00:00,1,true,Este área recreativa está situada a las afueras del pueblo de El Maíllo (a unos 500 m) en la carretera que va desde El Maíllo a La Alberca y Peña de Francia.,La Hoya,3,1,2,true,8600,11,,POINT (231015.425053156 4494934.6440047),false,2
zona_rec.76250,76250,18,true,true,,BSFAR00013,La barbacoa tiene matachispas,2011-06-09T00:00:00,2000-07-11T00:00:00,1,false,Este área recreativa está situada a unos 3 km de San Martín del Castañar. En la carretera que va desde la población de El Casarito (Nava de Francia) hasta la población de San Martín del Castañar.,La Legoriza,3,1,2,true,1180,11,,POINT (237627.866623799 4490351.8004706),false,2
zona_rec.76251,76251,18,true,true,,BSFAR00014,,2011-06-09T00:00:00,2000-07-11T00:00:00,1,true,Este área recreativa está situada dentro del casco urbano de la población de Nava de Francia,La Mata,3,1,2,true,13820,11,,POINT (236227.572371111 4491650.63062401),false,2
zona_rec.76252,76252,18,true,true,,BSFAR00015,,2011-06-09T00:00:00,2000-07-11T00:00:00,1,true,"A este área recreativa se accede por una pista que sale del mirador de Madroñal (mirador que está situado en la carretera que va de La Alberca a Sotoserrano), una vez en esta pista a unos 350 m. coger la primera pista que sale a la izquierda, al final de",La Pradera,1,1,2,true,620,1,,POINT (241036.61569813 4485055.1268914),false,2
zona_rec.76253,76253,18,true,true,,BSFAR00016,"Este área recreativa está situada en el sendero GR 10, en el tramo que une Miranda del Castañar con Mogarraz
La barbacoa tiene matachispas",2011-06-09T00:00:00,2000-07-11T00:00:00,1,true,"Este área recreativa está situada en la carretera que va desde la población de Mogarraz a la población de Miranda del Castañar, a unos 2 km de Miranda del Castañar.",La Regajera,3,1,2,true,7170,10,,POINT (244769.274352343 4486040.95852907),false,2
zona_rec.76254,76254,18,true,true,,BSFAR00017,La barbacoa tiene matachispas,2011-06-09T00:00:00,2000-07-11T00:00:00,1,false,"Este área recreativa está ubicada en la población de El Casarito (Nava de Francia), en el cruce de la carretera que sube a la Peña de Francia desde esta población .",Las Eras,3,1,2,true,3825,11,,POINT (234089.809248447 4490935.74539816),false,2
zona_rec.76255,76255,18,true,false,false,BSFAR00018,"Esta área recreativa está en la trayectoria de los senderos PRSA-12 (Cepeda-Mogarraz) y PRSA-19 (Cepeda-Monforte)
Una de las barbacoas tiene matachispas",2011-06-09T00:00:00,2000-07-11T00:00:00,1,true,Este área recreativa está dentro del casco urbano de la población de Cepeda,Los Llanos,3,1,2,true,2170,11,,POINT (242553.042530618 4484296.0870637),false,2
zona_rec.76256,76256,18,true,true,,BSFAR00019,,2011-06-09T00:00:00,2000-07-11T00:00:00,1,true,Este merendero está a 1 km del pueblo de Mogarraz por la carretera que va desde esta población a la población de Miranda del Castañar.,Peña La Cabra,3,1,2,true,1200,11,,POINT (242403.676165129 4486851.90219098),false,1
zona_rec.76257,76257,18,true,true,,BSFAR00020,La barbacoa tiene matachispas,2011-06-09T00:00:00,2000-07-11T00:00:00,1,false,"Este área recreativa está ubicada en la carretera que va desde Mogarraz a la población de Las Casas del Conde, a unos 3,8 km de la población de Mogarraz.",Peñalvo,3,1,2,true,590,11,,POINT (241885.818360389 4488266.19318441),false,2
zona_rec.76258,76258,18,true,true,,BSFAR00021,La barbacoa tiene matachispas,2011-06-09T00:00:00,2000-07-11T00:00:00,1,true,"Este área recreativa se encuentra a unos 3 km de el pueblo de El Cabaco. Está situada en la carretera SA-203, carretera que sube a la Peña de Francia y a la que se accede por la carretera SA-201 (El Cabaco-La Alberca).",Río Gabín,3,1,2,true,10700,11,,POINT (234195.225240896 4492473.06059274),false,2
zona_rec.76259,76259,18,true,false,,BSFAR00022,,2011-06-09T00:00:00,2000-07-11T00:00:00,2,false,,Vega de Francia,4,3,2,true,0,4,,POINT (244697.174032887 4479876.84664343),false,3
zona_rec.77559,77559,18,true,true,,CRLAR00001,Son mesas de madera con bancos adosados. Cuatro de las mesas se recogen durante el invierno. Barbacoas con matachispas.,2010-04-16T00:00:00,1989-01-15T00:00:00,1,true,Pista forestal dede Santa María de las Hoyas,Fuente del Pino,3,1,2,true,3300,11,,POINT (488097.92936491 4626828.30129414),false,2
zona_rec.77560,77560,18,true,true,,CRLAR00002,Son mesas de piedra con bancos adosados. Hay un restaurante de propiedad particular. Pendiente de colocar matachispas en las barbacoas.,2010-04-16T00:00:00,1989-01-15T00:00:00,1,true,Pista forestal de entrada al cañón desde El Nacedero,Fuente Engomez,1,1,2,true,3300,1,,POINT (496007.861879605 4620214.96047175),false,2
zona_rec.77561,77561,18,true,true,,CRLAR00003,Son mesas de piedra con bancos adosados. Hay un helipuerto y punto de agua para servicio de incendios,2010-04-16T00:00:00,2005-01-15T00:00:00,1,true,Carretera S0-960 PK 5,Siete Ojos,2,1,1,true,6100,11,,POINT (491117.896806972 4626932.04625923),false,2
zona_rec.77562,77562,18,true,true,,CRLAR00004,Son mesas de piedra con bancos adosados.,2010-04-16T00:00:00,2005-01-15T00:00:00,1,false,Camino agrícola desde Hontoria del Pinar.,Agualinos,1,1,1,true,4800,1,,POINT (487136.254071406 4632310.22262961),false,2
zona_rec.78534,78534,18,true,false,,FCCAR00001,Área recreativa junto a la carretera. Mesas de piedra con un banco a cada lado y barbacoas dobles de piedra.,2009-12-17T00:00:00,2009-03-13T00:00:00,1,false,,Área Recreativa Puente Agudín,3,1,2,false,0,11,,POINT (356496.34101769 4754556.0026186),false,2
zona_rec.78535,78535,18,true,false,,FCCAR00002,,2009-12-17T00:00:00,2000-07-27T00:00:00,3,true,,Área recreativa de Ruesga,4,1,2,false,0,4,,POINT (374286.937240874 4747043.65606241),false,2
zona_rec.79049,79049,18,true,false,,FNTAR00001,Esta junto a la Ermita y a la necrópolis. Está dotado de riego,2010-05-28T00:00:00,2005-01-15T00:00:00,1,false,Pista forestal de La Fuentona,Ermita de la Virgen del Valle,3,1,3,true,400,16,,POINT (511836.719770622 4619497.09152346),false,4
zona_rec.79210,79210,18,true,false,,HERAR00001,Hay una pista de bolos,2010-05-04T00:00:00,2004-08-26T00:00:00,1,false,,San Felices del Rudrón,1,1,1,false,0,1,,POINT (434419.12707685 4733563.63770179),false,2
zona_rec.79211,79211,18,true,false,,HERAR00002,,2010-05-04T00:00:00,2004-08-26T00:00:00,3,false,,San Felices del Rudrón,1,2,2,false,0,1,,POINT (434334.580549933 4733724.12413722),false,1
zona_rec.79212,79212,18,true,false,,HERAR00003,Se extiende a ambos lados del camino,2010-05-04T00:00:00,2004-08-26T00:00:00,1,false,,Escalada,1,1,2,false,0,1,,POINT (436473.971076523 4740047.56627569),false,1
zona_rec.79213,79213,18,true,false,,HERAR00004,,2010-05-04T00:00:00,2004-08-26T00:00:00,1,false,,Tablado del Rudrón,3,1,2,false,0,5,,POINT (431011.266576504 4730487.79240068),false,2
zona_rec.79214,79214,18,true,false,,HERAR00005,,2010-05-04T00:00:00,2004-08-26T00:00:00,1,false,,Bañuelos del Rudrón,1,1,1,false,0,1,,POINT (429753.07143823 4726795.10955673),false,2
zona_rec.79215,79215,18,true,false,,HERAR00006,,2010-05-04T00:00:00,2004-08-26T00:00:00,1,false,,Pesquera de Ebro,1,1,1,false,0,1,,POINT (441263.018072403 4739297.28051713),false,1
zona_rec.79216,79216,18,true,false,,HERAR00007,,2011-06-09T00:00:00,2004-08-26T00:00:00,2,false,,Ayoluengo,2,3,2,false,0,9,,POINT (429046.06391145 4733150.42706783),false,1
zona_rec.79217,79217,18,true,false,,HERAR00008,,2010-06-03T00:00:00,2004-08-26T00:00:00,3,false,A la entrada de Barrio,Barrio Panizares,1,1,2,false,500,1,,POINT (421083.660800678 4729928.13974577),false,1
zona_rec.79218,79218,18,true,false,,HERAR00009,,2010-06-03T00:00:00,2004-08-26T00:00:00,3,false,En Barrio Panizares,Barrio Panizares,1,1,2,false,5000,1,,POINT (421274.658744933 4729766.14157618),false,1
zona_rec.79219,79219,18,true,false,,HERAR00010,,2010-06-03T00:00:00,2004-08-26T00:00:00,1,false,En Moradillo del Castillo,Moradillo del Castillo,2,1,2,false,500,9,,POINT (427146.595035847 4726613.17768844),false,2
zona_rec.79220,79220,18,true,false,,HERAR00011,,2010-06-03T00:00:00,2004-08-26T00:00:00,1,false,En Santa Coloma,Santa Coloma,1,1,1,false,100,1,,POINT (428119.584384412 4726464.17954854),false,2
zona_rec.79221,79221,18,true,false,,HERAR00012,,2010-06-03T00:00:00,2004-08-26T00:00:00,4,false,En el Camino de Santa Coloma a Terradillos,Santa Coloma,1,1,1,false,300,1,,POINT (431519.547798976 4722931.2192484),false,1
zona_rec.79222,79222,18,true,false,,HERAR00013,,2010-06-03T00:00:00,2004-08-26T00:00:00,1,false,En Ayoluengo,Ayoluengo,2,1,1,false,300,9,,POINT (429037.572825891 4733161.10600511),false,2
zona_rec.79223,79223,18,true,false,,HERAR00014,,2010-06-03T00:00:00,2004-08-26T00:00:00,1,false,En Ayoluengo,Ayoluengo,2,1,1,false,400,7,,POINT (429139.571694445 4733222.10535638),false,2
zona_rec.79224,79224,18,true,false,,HERAR00015,,2010-06-03T00:00:00,2004-08-26T00:00:00,4,false,En Sargentes de la Lora,Sargentes de la Lora,1,1,1,false,100,1,,POINT (428669.576335934 4735524.07993678),false,2
zona_rec.79225,79225,18,true,false,,HERAR00016,,2010-06-03T00:00:00,2004-08-26T00:00:00,4,false,En Sargentes de la Lora Track-3-junio-10,Sargentes de la Lora,1,1,2,false,0,1,,POINT (428519.578030476 4735292.08245437),false,1
zona_rec.79226,79226,18,true,false,,HERAR00017,Area de descanso con 1 cubo de basura,2011-06-09T00:00:00,2004-08-26T00:00:00,3,true,Carretera,N-623,2,1,2,false,0,12,,POINT (434381.81484181 4730242.63925414),false,1
zona_rec.79227,79227,18,true,false,,HERAR00018,Fuente no potable. Dos cubos de basura,2011-06-09T00:00:00,2004-08-26T00:00:00,3,true,Carretera,N-623,2,1,2,false,0,12,,POINT (434455.814164074 4729584.64651483),false,1
zona_rec.79228,79228,18,true,false,,HERAR00020,Area de descanso con 1 cubo de basura,2011-06-09T00:00:00,2004-08-26T00:00:00,3,true,Carretera,N-623,1,1,2,false,0,4,,POINT (434270.816695666 4727129.67352297),false,1
zona_rec.79229,79229,18,true,false,,HERAR00021,Area de descanso con 2 cubo de basura,2011-06-09T00:00:00,2004-08-26T00:00:00,3,true,Carretera,N-623,1,1,2,false,0,4,,POINT (434739.811764873 4726051.68549981),false,1
zona_rec.79230,79230,18,true,false,,HERAR00022,Area de descanso con 1 cubo de basura,2011-06-09T00:00:00,2004-08-26T00:00:00,3,true,Carretera,N-623,1,1,2,false,0,4,,POINT (434309.816009872 4728390.65963664),false,1
zona_rec.79231,79231,18,true,false,,HERAR00023,Area de descanso con 2 cubo de basura,2011-06-09T00:00:00,2004-08-26T00:00:00,3,true,Carretera,N-623,2,1,2,false,0,6,,POINT (434230.815952808 4732911.60984718),false,1
zona_rec.79232,79232,18,true,false,,HERAR00024,,2011-06-09T00:00:00,2004-08-26T00:00:00,3,false,Carretera,San Felices del Rudrón,1,1,2,false,0,4,,POINT (434362.814365123 4733601.60228313),false,1
zona_rec.79233,79233,18,true,false,,HERAR00025,Junto a rio,2011-06-09T00:00:00,2004-08-26T00:00:00,3,false,Puente,San Felices del Rudrón,1,1,2,false,0,4,,POINT (434382.814130435 4733677.60145118),false,1
zona_rec.79234,79234,18,true,false,,HERAR00026,Vistas panorámicas con 3 cubos de basura,2011-06-09T00:00:00,2004-08-26T00:00:00,3,true,Carretera,Valdelateja,2,1,2,false,0,6,,POINT (436749.787731461 4736006.5763119),false,1
zona_rec.79235,79235,18,true,false,,HERAR00027,Vistas panorámicas con 3 cubos de basura,2011-06-09T00:00:00,2004-08-26T00:00:00,3,true,Carretera,Quintanilla Escalada,2,1,2,false,0,6,,POINT (437318.781173709 4737680.55802512),false,1
zona_rec.79236,79236,18,true,false,,HERAR00028,Junto al Rudrón,2011-06-09T00:00:00,2004-08-26T00:00:00,3,false,Calle,Covanera,1,1,2,false,0,4,,POINT (434373.814621591 4731752.62262998),false,1
zona_rec.79237,79237,18,true,false,,HERAR00029,5 cubos de basura,2011-06-09T00:00:00,2004-08-26T00:00:00,3,false,Pasarela,Tablada del Rudrón,2,1,2,false,0,12,,POINT (431010.851769948 4730486.63586629),false,1
zona_rec.79238,79238,18,true,false,,HERAR00030,Campa junto a la Ermita,2011-06-09T00:00:00,2004-08-26T00:00:00,3,false,A pie,Ermita Tablada,1,2,2,false,0,4,,POINT (431177.849896141 4730682.633744),false,1
zona_rec.79239,79239,18,true,false,,HERAR00031,"Pesadas, con fuente, lavadero y abrevadero",2011-06-09T00:00:00,2004-08-26T00:00:00,3,false,Calle,Pesadas,1,1,2,false,0,4,,POINT (449439.648857821 4735268.58665527),false,1
zona_rec.79240,79240,18,true,false,,HERAR00032,Plaza de Dobro,2011-06-09T00:00:00,2004-08-26T00:00:00,1,false,Calle,Plaza Fuente Cadalso,1,1,3,false,0,4,,POINT (448254.661130906 4739680.53798721),false,1
zona_rec.79241,79241,18,true,false,,HERAR00033,Junto al rio,2011-06-09T00:00:00,2004-08-26T00:00:00,3,false,Calle,Valdelateja,1,1,2,false,0,4,,POINT (437121.783636454 4736112.57521914),false,1
zona_rec.79242,79242,18,true,false,,HERAR00034,Se accede en sentido Burgos,2011-06-09T00:00:00,2004-08-26T00:00:00,1,true,Carretera,Quintanilla Escalada,2,1,1,false,0,6,,POINT (437334.78100225 4737661.55823698),false,1
zona_rec.79243,79243,18,true,false,,HERAR00035,1 mesa de pin-pon,2011-06-09T00:00:00,2004-08-26T00:00:00,1,false,Calle,La Isla,1,1,2,false,0,4,,POINT (436459.790102453 4740088.53140904),false,1
zona_rec.80296,80296,18,true,true,,HRDAR00001,,2010-02-15T00:00:00,1989-06-27T00:00:00,1,false,,Carrascal Pueblo,3,1,2,false,1000,9,,POINT (425049.354651126 4579891.03834393),false,2
zona_rec.80297,80297,18,true,true,,HRDAR00002,,2010-02-15T00:00:00,2004-06-01T00:00:00,1,true,,Carrascal Río,3,1,2,false,2000,9,,POINT (424529.658622861 4579786.82941739),false,2
zona_rec.80298,80298,18,true,true,,HRDAR00003,,2010-02-15T00:00:00,2004-06-01T00:00:00,1,true,,Área recreativa de Sebúlcor,3,1,2,false,1000,9,,POINT (425463.708741096 4569223.85494224),false,2
zona_rec.80299,80299,18,true,true,,HRDAR00004,,2010-02-15T00:00:00,2004-06-01T00:00:00,3,false,,Fuente de la Salud,2,1,2,false,300,21,,POINT (439787.340234481 4572166.65196259),false,2
zona_rec.80300,80300,18,false,true,,HRDAR00005,,2010-02-16T00:00:00,2004-06-01T00:00:00,3,false,,El Plantío,1,2,2,false,300,1,,POINT (438285.418578356 4572281.0781033),false,1
zona_rec.80301,80301,18,false,true,,HRDAR00006,,2010-02-17T00:00:00,2004-06-01T00:00:00,3,false,,Los Lavaderos,1,2,2,false,200,1,,POINT (438655.761765477 4572433.76812198),false,1
zona_rec.80587,80587,18,true,false,,HRRAR00001,,2010-06-01T00:00:00,2010-02-28T00:00:00,1,true,"Partiendo de Montejo de la Vega, cruzamos el puente de acceso a la localidad desde la carretera de Fuentelcesped y continuamos por el camino que encontramos a la izquierda, al lado del margen del río Riaza, durante aproximadamente un kilómetro doscientos metros.",La Pisadera,3,1,1,false,5000,9,,POINT (444620.244764114 4599780.1135704),false,2
zona_rec.80588,80588,18,true,false,,HRRAR00002,,2010-06-01T00:00:00,2009-06-01T00:00:00,1,true,"Partiendo de Maderuelo, en dirección al camino de los huertos, continuamos por el marquen izquierdo del embalse de Linares del Arroyo durante aproximadamente un kilómetro doscientos metros.",La Rivilla,2,1,1,false,4000,9,,POINT (456946.601080825 4593410.28977739),false,2
zona_rec.80589,80589,18,true,false,,HRRAR00003,,2010-06-01T00:00:00,2009-06-01T00:00:00,3,false,La entrada a esta área recreativa está situada en la intersección entre la carretera C-114 y el puente de acceso a Maderuelo sobre el embalse de Linares del Arroyo.,Vera Cruz,2,1,2,false,7000,9,,POINT (456719.28847777 4592718.68716478),false,2
zona_rec.81552,81552,18,true,false,false,LGNAR00001,,2010-05-26T00:00:00,2008-12-09T00:00:00,3,false,Desde Neila dirección Vilavelallo (La Rioja),La Cerrrada,3,1,3,false,0,6,,POINT (501574.438376569 4658761.96840545),false,1
zona_rec.81553,81553,18,true,false,,LGNAR00002,,2010-05-26T00:00:00,2008-12-09T00:00:00,1,false,En casco urbano de Neila junto a la plaza municipal,La Cueva,3,1,3,false,300,6,,POINT (500230.611179962 4656404.02486737),false,1
zona_rec.81666,81666,18,true,false,,LNUAR00001,,2010-06-14T00:00:00,2010-03-02T00:00:00,3,false,"Por la pista forestal asfaltada que parte a mano izquierda a la entrada de Covaleda llegando desde Duruelo de la Sierra, a 10,4 km mano izquierda junto a la pista.",Bocalprado,2,1,2,true,0,4,,POINT (513376.644531592 4643811.10913032),false,1
zona_rec.81667,81667,18,true,false,,LNUAR00002,Los contenedores son bidones.,2010-06-14T00:00:00,2010-03-02T00:00:00,3,false,"Por la carretera SO-850 de Covaleda a Duruelo de la Sierra, a la entrada de Duruelo parte una pista asfaltada señalizada a mano derecha que tras finalizar continua por un camino a mano izquierda que tras 0,8 km conduce al me",Castroviejo,3,1,2,true,10000,11,,POINT (506546.721412297 4648408.05750644),false,1
zona_rec.81668,81668,18,true,false,,LNUAR00003,,2010-06-14T00:00:00,2010-03-02T00:00:00,3,false,"Por la pista forestal asfaltada que parte a mano izquierda a la entrada de Covaleda llegando desde Duruelo de la Sierra, a 4 km a mano derecha junto a la pista.",Fuente de la Guarza,1,1,2,true,0,1,,POINT (509758.68523921 4644865.09737118),false,1
zona_rec.81669,81669,18,true,false,,LNUAR00004,Los contenedores son bidones.,2010-06-14T00:00:00,2010-03-02T00:00:00,3,false,"Por la carretera SO-850 que va de Covaleda a Duruelo de la Sierra, a la entrada de Duruelo parte una pista forestal asfaltada a mano derecha que se¤aliza Castroviejo, y cuando finaliza esta se coge el camino de tierra que pa",Fuente el Berro,2,1,2,true,0,4,,POINT (506532.721593747 4649588.04421084),false,1
zona_rec.82498,82498,18,true,false,,LSNAR00001,,2010-06-01T00:00:00,1970-01-15T00:00:00,1,true,,La Viquiella,1,1,1,true,0,1,,POINT (192368.268027892 4669342.58989664),false,2
zona_rec.82499,82499,18,true,false,,LSNAR00002,,2010-06-01T00:00:00,1970-01-15T00:00:00,1,true,,Custa Llago,1,1,2,true,0,1,,POINT (192173.521029064 4669098.47684097),false,2
zona_rec.82500,82500,18,true,false,,LSNAR00003,,2010-06-01T00:00:00,2006-01-15T00:00:00,1,true,,La Riviella,1,1,2,true,0,1,,POINT (196773.455748201 4668235.03432775),false,2
zona_rec.82501,82501,18,true,false,,LSNAR00004,,2010-06-01T00:00:00,2008-01-15T00:00:00,1,true,,El Folgoso,1,1,1,true,0,1,,POINT (194057.044814307 4670702.39740961),false,2
zona_rec.82502,82502,18,true,false,,LSNAR00005,,2010-06-01T00:00:00,2002-01-15T00:00:00,1,true,,Vigo de Sanabria,1,1,2,true,0,1,,POINT (194884.168442149 4671037.40432084),false,2
zona_rec.82503,82503,18,true,false,,LSNAR00006,,2010-06-01T00:00:00,2005-01-15T00:00:00,1,true,,Río Truchas,1,1,2,true,0,1,,POINT (192029.6966979 4666213.38405564),false,2
zona_rec.82504,82504,18,true,false,,LSNAR00007,,2010-06-01T00:00:00,2006-01-15T00:00:00,1,true,,Corneira,1,1,2,true,0,1,,POINT (198714.625272191 4667495.55584333),false,2
zona_rec.82505,82505,18,true,false,,LSNAR00008,,2010-06-01T00:00:00,2006-01-15T00:00:00,1,true,,Porto,1,1,2,true,0,1,,POINT (177904.138683452 4675571.24103421),false,2
zona_rec.82506,82506,18,true,false,,LSNAR00009,,2010-06-01T00:00:00,2000-01-15T00:00:00,1,false,,Área recreativa de Ballagona,4,1,2,true,0,4,,POINT (196364.66705936 4669398.14488486),false,2
zona_rec.83553,83553,18,true,false,,LVFAR00001,2 papeleras,2010-03-03T00:00:00,2008-01-01T00:00:00,1,true,,Area recreativa Cerecinos,1,1,1,false,400,1,,POINT (294191.440592197 4641922.32366506),false,2
zona_rec.83554,83554,18,true,false,,LVFAR00002,,2010-03-03T00:00:00,2007-01-01T00:00:00,1,true,,Tapioles,1,1,1,false,2000,1,,POINT (292567.376899633 4638018.77646213),false,2
zona_rec.83555,83555,18,true,false,,LVFAR00003,,2010-03-03T00:00:00,2007-01-01T00:00:00,1,false,,Bancos camino de A.R. Tapioles,1,1,1,false,500,1,,POINT (293108.227479708 4637437.64531218),false,5
zona_rec.83556,83556,18,true,false,,LVFAR00004,,2010-03-03T00:00:00,2006-01-01T00:00:00,1,true,,Area recreativa Cañizo,1,1,1,false,600,1,,POINT (292236.694339751 4627405.07229525),false,2
zona_rec.83557,83557,18,true,false,,LVFAR00005,,2010-03-03T00:00:00,2008-01-01T00:00:00,1,true,,Revellinos,3,1,1,false,400,5,,POINT (285969.749634777 4640765.27404304),false,2
zona_rec.83558,83558,18,true,false,,LVFAR00006,,2010-03-03T00:00:00,2006-01-01T00:00:00,1,true,,San Agustín,1,1,1,false,30,1,,POINT (284164.490348753 4639944.86973301),false,2
zona_rec.83559,83559,18,true,false,,LVFAR00007,,2010-03-03T00:00:00,2008-01-01T00:00:00,1,true,,Fuente El Relator Villafáfila,1,2,1,false,0,1,,POINT (282721.104807332 4636527.26441669),false,2
zona_rec.83560,83560,18,true,false,,LVFAR00008,,2010-03-03T00:00:00,2006-01-01T00:00:00,1,true,,Fuente las Pozas Villafáfila,1,2,1,false,40,1,,POINT (282371.910045046 4635541.14017442),false,2
zona_rec.83561,83561,18,true,false,,LVFAR00009,,2010-03-03T00:00:00,2005-01-01T00:00:00,1,true,,Área temática de las Zonas Húmedas,1,1,1,false,3000,1,,POINT (280480.782188084 4631866.65486237),false,6
zona_rec.83562,83562,18,true,false,,LVFAR00010,,2010-03-03T00:00:00,2007-01-01T00:00:00,1,true,,Laguna Grande de Manganeses,1,1,1,false,1000,1,,POINT (274371.444459213 4625301.09887073),false,2
zona_rec.83563,83563,18,true,false,,LVFAR00011,,2010-03-03T00:00:00,2006-07-05T00:00:00,1,true,,Junciel,4,1,1,false,3000,1,,POINT (276683.051967252 4624311.40272982),false,2
zona_rec.83564,83564,18,true,false,,LVFAR00012,,2010-03-03T00:00:00,2001-01-01T00:00:00,1,true,,Fuente Salinas Revellinos,1,1,1,false,500,1,,POINT (288194.095296244 4637077.07510216),false,2
zona_rec.83565,83565,18,true,false,,LVFAR00013,4 papeleras,2010-03-03T00:00:00,1995-01-01T00:00:00,1,true,,Área de descanso,1,2,1,false,400,1,,POINT (284720.471922831 4636705.73808806),false,4
zona_rec.83566,83566,18,true,false,,LVFAR00014,,2010-03-03T00:00:00,2007-01-01T00:00:00,1,true,,Área Temática de la Estepa Cerealista,3,1,1,false,5000,27,,POINT (295057.627549284 4632634.80901418),false,6
zona_rec.83567,83567,18,true,false,,LVFAR00015,,2010-03-03T00:00:00,2006-01-01T00:00:00,1,true,,Villarrín de Campos,1,1,1,false,200,1,,POINT (279940.87922587 4631187.70058012),false,2
zona_rec.83568,83568,18,true,false,,LVFAR00016,,2010-03-03T00:00:00,2006-01-01T00:00:00,1,true,,San Martín de Valderaduey,3,1,1,false,400,18,,POINT (294834.595037506 4632241.24264016),false,2
zona_rec.83690,83690,18,true,false,,MDLAR00001,,2009-11-26T00:00:00,2002-08-01T00:00:00,1,true,,Área recreativa del lago de Carucedo,3,1,1,false,0,11,,POINT (189805.001929516 4711063.52769809),false,2
zona_rec.83691,83691,18,true,false,,MDLAR00002,2papeleras,2009-11-26T00:00:00,2002-08-01T00:00:00,1,true,,Área recreativa de Campo de Braña,1,2,1,false,0,1,,POINT (191537.317031367 4706386.08607733),false,2
zona_rec.83692,83692,18,true,false,,MDLAR00003,Se accede con vehículo todoterreno o a pie,2009-11-26T00:00:00,2002-08-01T00:00:00,1,true,,Área recreativa de los Zufreiros del Frade,3,2,2,false,0,3,,POINT (186860.144776277 4710582.09635091),false,2
zona_rec.84182,84182,18,true,false,,MOBAR00013,,2009-12-10T00:00:00,2006-10-14T00:00:00,1,false,,Valpuesta,3,1,1,false,0,11,,POINT (489783.807710733 4746026.48632107),false,2
zona_rec.84183,84183,18,true,false,,MOBAR00007,,2009-12-10T00:00:00,2006-10-14T00:00:00,1,false,,Área recreativa de Frías,1,1,1,false,0,1,,POINT (475983.778653653 4735188.1225934),false,2
zona_rec.84184,84184,18,true,false,,MOBAR00008,,2009-12-10T00:00:00,2006-10-14T00:00:00,1,false,,Área recreativa de Pancorbo,3,2,2,false,0,9,,POINT (491217.065744936 4720753.78741198),false,2
zona_rec.84185,84185,18,true,false,,MOBAR00010,,2009-12-10T00:00:00,2006-10-14T00:00:00,1,false,,Área recreativa Fuente de los Siete Caños,1,1,2,false,0,1,,POINT (485560.584808614 4735580.82384185),false,2
zona_rec.84186,84186,18,true,false,,MOBAR00012,,2009-12-10T00:00:00,2006-10-14T00:00:00,1,false,,Herrán,1,1,2,false,0,1,,POINT (481565.004847911 4741404.29566379),false,2
zona_rec.84187,84187,18,true,false,,MOBAR00014,,2009-12-10T00:00:00,2006-10-14T00:00:00,1,false,,Encío,1,1,2,false,0,1,,POINT (490427.656615197 4724593.95401156),false,2
zona_rec.84188,84188,18,true,false,,MOBAR00015,,2009-12-10T00:00:00,2006-10-14T00:00:00,1,true,,Villafría de San Zadornil,3,1,2,false,0,9,,POINT (484000.049865777 4742404.93781023),false,2
zona_rec.84189,84189,18,true,false,,MOBAR00011,,2009-12-10T00:00:00,2006-10-14T00:00:00,1,false,,El Corral de los Bueyes,1,1,1,false,0,1,,POINT (487708.082950026 4736421.94968278),false,2
zona_rec.84190,84190,18,true,false,,MOBAR00001,Las fuentes no funcionan,2009-11-23T00:00:00,2006-10-14T00:00:00,1,false,,Paseo de la Ría,3,2,1,false,0,3,,POINT (466218.91945416 4731236.6161991),false,2
zona_rec.84191,84191,18,true,false,,MOBAR00003,Se puede acceder por una pista forestal en vehículo pero restringida a vehiculos autorizados.Se puede solicitar permiso a la Casa Forestal.,2009-11-24T00:00:00,2006-10-14T00:00:00,3,false,,Ocejo,1,2,2,false,0,1,,POINT (465771.643948183 4728528.39997685),false,2
zona_rec.84192,84192,18,true,false,,MOBAR00004,Se puede acceder por una pista forestal en vehículo pero restringida a vehiculos autorizados.Se puede solicitar permiso a la Casa Forestal.,2009-11-26T00:00:00,2006-10-14T00:00:00,1,false,,Pociles,1,2,2,false,0,1,,POINT (467299.608881233 4734381.46770547),false,2
zona_rec.84193,84193,18,true,false,,MOBAR00006,,2009-12-10T00:00:00,2006-10-14T00:00:00,1,false,,Área recreativa Encinillas,1,2,2,false,0,1,,POINT (468431.097135939 4737908.10504888),false,2
zona_rec.84194,84194,18,true,false,,MOBAR00009,,2009-12-10T00:00:00,2006-10-14T00:00:00,3,true,,Área recreativa El Desfiladero,1,1,2,false,0,1,,POINT (492442.360545314 4721585.69125818),false,2
zona_rec.84195,84195,18,true,false,,MOBAR00002,,2009-11-23T00:00:00,2006-10-14T00:00:00,3,false,,Área recreativa de Soscastillo,1,2,2,false,0,1,,POINT (466454.596268505 4732202.28459453),false,2
zona_rec.84196,84196,18,true,false,,MOBAR00005,,2009-12-10T00:00:00,2006-10-14T00:00:00,1,false,,Área recreativa del Río,1,2,2,false,0,1,,POINT (467630.982783592 4738024.99668571),false,2
zona_rec.84486,84486,18,true,true,,MSTAR00001,Los contenedores de basura del AP00001 dan servicio a esta área recreativa. Baños y máquina de agua junto a Casa del Parque dan servicio a esta área recreativa,2010-07-01T00:00:00,1996-01-01T00:00:00,1,true,Pista forestal y senderos. Junto a MSTAP00001.,Fuente Santiago,1,1,3,false,20000,1,,POINT (499894.027914186 4754369.70599097),false,2
zona_rec.84487,84487,18,true,true,,MSTAR00002,,2011-06-12T00:00:00,1996-03-14T00:00:00,1,false,Pista parcelaria,Merendero Villalba,1,1,2,false,900,1,,POINT (493640.950273239 4753727.41071042),false,1
zona_rec.84488,84488,18,true,true,,MSTAR00003,,2011-06-12T00:00:00,1996-03-14T00:00:00,1,false,Aparcamiento de entrada a Monte Santiago AP00003,Aparcamiento de entrada,2,1,1,false,300,11,,POINT (497201.126126673 4754046.45248353),false,4
zona_rec.85046,85046,18,true,false,,NCPAR00001,,2011-06-13T00:00:00,2001-08-11T00:00:00,1,true,,Paseo de la Alameda,2,1,2,false,0,11,,POINT (347658.949077507 4658439.42445634),false,2
zona_rec.85047,85047,18,true,false,,NCPAR00002,,2011-06-13T00:00:00,2001-05-17T00:00:00,3,false,,La Fuente,2,1,2,false,0,11,,POINT (348523.99322516 4661267.13602393),false,1
zona_rec.85048,85048,18,true,false,,NCPAR00003,,2011-06-13T00:00:00,2001-05-17T00:00:00,1,false,,Virgen de Carejas,1,1,2,false,0,1,,POINT (361816.619414851 4670045.50406312),false,2
zona_rec.85049,85049,18,true,false,,NCPAR00004,,2011-06-13T00:00:00,2001-05-17T00:00:00,3,false,,Ermita San Miguel,3,1,2,false,0,3,,POINT (348202.733584518 4667523.33700135),false,1
zona_rec.85050,85050,18,true,false,,NCPAR00005,,2011-06-13T00:00:00,2001-05-17T00:00:00,1,false,,La Fuente,3,1,2,false,0,11,,POINT (342175.79608043 4666143.34254167),false,2
zona_rec.85051,85051,18,true,false,,NCPAR00006,,2011-06-13T00:00:00,2001-05-17T00:00:00,3,false,,La Laguna,2,1,2,false,0,6,,POINT (357774.337190147 4654101.51365529),false,2
zona_rec.85052,85052,18,true,false,,NCPAR00007,,2011-06-13T00:00:00,2009-01-15T00:00:00,1,false,,El Barrero,3,1,2,false,0,11,,POINT (341106.876101877 4645152.35951838),false,2
zona_rec.85053,85053,18,true,false,,NCPAR00008,,2011-06-13T00:00:00,2001-05-17T00:00:00,1,false,,El Lavadero,2,1,2,false,0,11,,POINT (335186.947038761 4645249.29505834),false,1
zona_rec.85054,85054,18,true,false,,NCPAR00009,,2011-06-13T00:00:00,2001-05-17T00:00:00,1,false,,Área Recreativa Castromocho,2,1,2,false,0,11,,POINT (348783.936212271 4654900.05161307),false,1
zona_rec.85146,85146,18,true,true,,OJGAR00001,,2010-07-01T00:00:00,2001-01-15T00:00:00,1,false,Carratera asfaltada del Ayuntameinto,Alto de Retuerta,2,1,2,false,400,3,,POINT (448054.359736249 4761963.79402393),false,1
zona_rec.85147,85147,18,true,true,,OJGAR00002,,2010-07-01T00:00:00,1995-01-15T00:00:00,1,true,Desde aparcamientos OJGAP0003 Los Nogales y OJGAP0002 Alto de la Concha,Los Nogales,2,1,2,true,3000,9,,POINT (445849.037226733 4764856.64410297),false,2
zona_rec.85148,85148,18,true,false,,OJGAR00003,,2010-07-01T00:00:00,2001-01-15T00:00:00,3,false,Carretera asfaltada BU_526,Vallejo de Sotoscueva,3,1,2,false,100,9,,POINT (443505.408491654 4765987.74938154),false,4
zona_rec.85149,85149,18,true,false,,OJGAR00004,,2010-07-01T00:00:00,2001-01-15T00:00:00,1,false,Carretera asfaltada BU_526,Villabáscones,3,1,2,false,100,9,,POINT (444780.394600993 4766247.74676666),false,4
zona_rec.85150,85150,18,true,false,,OJGAR00005,,2010-07-01T00:00:00,2001-01-15T00:00:00,1,false,Carretera asfaltada de la Diputación,San Roque,3,1,2,false,250,9,,POINT (445448.599135653 4766078.65324174),false,4
zona_rec.85151,85151,18,true,false,,OJGAR00006,,2010-07-01T00:00:00,2001-01-15T00:00:00,3,false,Camino vecinal de hormigón,La Parte de Sotoscueva,3,1,2,false,300,9,,POINT (442834.415812678 4765794.75136798),false,4
zona_rec.85152,85152,18,true,false,,OJGAR00007,,2010-07-01T00:00:00,2001-01-15T00:00:00,1,false,Carretera asfaltada BU_526,Quisicedo,3,1,2,false,40,9,,POINT (445871.13268698 4766486.2315801),false,4
zona_rec.85153,85153,18,true,true,,OJGAR00008,,2010-07-01T00:00:00,2005-01-15T00:00:00,1,true,Desde OJGA0001 de la Casa del Parque por Senda Botanica o por acera peatonal de la carretera Bu_526,Vivero de Quintanilla del Rebollar,3,1,2,true,21000,9,,POINT (448401.191556055 4767363.24005672),false,2
zona_rec.85154,85154,18,true,true,,OJGAR00009,,2010-07-01T00:00:00,2005-01-15T00:00:00,1,true,"Desde aparcamiento OJGAP0001 Casa del Parque, y peatonal desde casco urbano de Quintanilla del Rebollar",Casa del Parque,3,1,2,true,5000,9,,POINT (448878.617799573 4767256.59756123),false,2
zona_rec.85155,85155,18,true,false,,OJGAR00010,,2010-07-01T00:00:00,2007-01-15T00:00:00,1,true,Peatonal desde casco urbano de Espinosa de los Monteros,Torre de los Velasco,2,1,2,true,4000,9,,POINT (454579.703117036 4769420.35350126),false,2
zona_rec.85156,85156,18,true,false,,OJGAR00011,,2010-07-01T00:00:00,1995-01-15T00:00:00,3,false,Peatonal por senda de Quisicedo a Casa del Parque,Peñanegra,1,1,2,false,1000,1,,POINT (446032.143595235 4766781.66628),false,1
zona_rec.85157,85157,18,true,true,,OJGAR00012,,2010-07-01T00:00:00,1995-01-15T00:00:00,1,true,"Peatonal por pista de 1er orden del monte ""La Cueva"", y senda PR_C_BU_37",Pico Ángel,3,1,2,true,2000,9,,POINT (446801.785890276 4768402.20542192),false,1
zona_rec.85158,85158,18,true,false,,OJGAR00013,,2010-06-04T00:00:00,2010-06-01T00:00:00,1,false,Peatonal por senda desde la Casa del Parque a Quisicedo. En el futuro contará con acceso desde Villabáscones por pasarela sobre el FEVE,Museo etnográfico de las Siete Juntas del Valle,3,1,2,true,11000,9,,POINT (444884.393467052 4766274.74649003),false,2
zona_rec.85806,85806,18,true,false,,PEUAR00001,"En la senda GR.1/Columpio, pista polideportiva y zona verde aneja",2011-06-13T00:00:00,1995-05-30T00:00:00,1,false,Propio pueblo Acebedo,Acebedo,3,1,2,false,32924,11,,POINT (327497.12883567 4767576.58818187),false,2
zona_rec.85807,85807,18,true,true,false,PEUAR00002,En la senda GR.1,2011-06-13T00:00:00,1995-05-30T00:00:00,1,false,Propio pueblo GR-1,Albergue de Maraña,3,1,2,false,2445,11,,POINT (322151.726495636 4768591.94865274),false,2
zona_rec.85808,85808,18,true,true,false,PEUAR00003,En la senda GR.1/Piscina en el rio,2011-06-13T00:00:00,1995-05-30T00:00:00,1,false,Pista forestal GR-1,Arroyo Cea,3,1,2,false,1156,11,,POINT (327060.81361542 4767080.64909736),false,2
zona_rec.85809,85809,18,true,false,,PEUAR00004,En la senda GR.1,2011-06-13T00:00:00,1995-05-30T00:00:00,1,false,Pista forestal,Besande,3,1,2,false,576,11,,POINT (345725.637699136 4751121.77937271),false,2
zona_rec.85810,85810,18,true,true,false,PEUAR00005,En la senda PR.LE-33,2011-06-13T00:00:00,1995-05-30T00:00:00,1,false,Carretera LE-215,Boca de Huérgano,3,1,2,false,1507,11,,POINT (343115.768778692 4759010.45888572),false,2
zona_rec.85811,85811,18,true,false,,PEUAR00006,,2011-06-13T00:00:00,1995-05-30T00:00:00,1,false,Pista forestal,Casasuertes,3,1,2,false,592,11,,POINT (341560.87181164 4769330.13550403),false,1
zona_rec.85812,85812,18,true,false,,PEUAR00007,"En la senda PR.LE-27/Pista polideportiva, juego escalada, castillo infantil, columpio, balancín y tobogán",2011-06-13T00:00:00,1995-05-30T00:00:00,1,false,Salida pueblo Cofiñal,Cofiñal,3,1,3,false,3460,11,,POINT (314996.109811392 4767219.53914722),false,2
zona_rec.85813,85813,18,true,false,,PEUAR00008,,2011-06-13T00:00:00,1995-05-30T00:00:00,1,false,Carretera local,Collado de Panderruedas,2,1,3,false,12610,11,,POINT (338782.804536534 4776652.77802085),false,2
zona_rec.85814,85814,18,true,false,,PEUAR00009,Fuente a 100m. Portón de madera entrada,2011-06-13T00:00:00,1995-05-30T00:00:00,1,false,Carretera LE-243,Collado de Pandetrave,1,1,2,false,4528,4,,POINT (347346.19104994 4774215.3158874),false,2
zona_rec.85815,85815,18,true,false,,PEUAR00010,,2011-06-13T00:00:00,1995-05-30T00:00:00,4,false,Carretera LE-241 / LE-234,El Hito,3,1,2,false,0,11,,POINT (342656.183852414 4754819.5434771),false,2
zona_rec.85816,85816,18,true,false,,PEUAR00011,En la senda PR.LE-26/Pasarela de madera. Recogida de basuras Ayto. Puebla de Lillo,2011-06-13T00:00:00,1995-05-30T00:00:00,1,false,Carretera LE-332,El Praico,3,1,2,false,3238,11,,POINT (308539.647558175 4770396.97296129),false,2
zona_rec.85817,85817,18,true,false,,PEUAR00012,En la senda PR.LE-53/Tiene 2 papeleras,2011-06-13T00:00:00,1995-05-30T00:00:00,1,true,Pista forestal desde LE-234,Ermita del Pando,3,1,2,false,5566,11,,POINT (339750.207779794 4753386.342198),false,1
zona_rec.85818,85818,18,true,false,,PEUAR00013,Tiene 7 papeleras,2011-06-13T00:00:00,1995-05-30T00:00:00,3,false,Carretera,Ermita de San Juan,3,1,2,false,2244,11,,POINT (323721.956155235 4752876.84485785),false,2
zona_rec.85819,85819,18,true,false,,PEUAR00014,,2011-06-13T00:00:00,1995-05-30T00:00:00,3,false,Carretera N-625,Ermita del Pontón,3,1,3,false,4061,11,,POINT (335910.200401273 4773571.56915967),false,2
zona_rec.85820,85820,18,true,true,false,PEUAR00015,Tiene 2 papeleras,2011-06-13T00:00:00,1995-05-30T00:00:00,1,true,Carretera N-620,Ermita Virgen de Quintanilla,3,1,2,false,21453,11,,POINT (336103.922540876 4758101.25707838),false,2
zona_rec.85821,85821,18,true,false,,PEUAR00016,Juegos infantiles,2011-06-13T00:00:00,1995-05-30T00:00:00,1,false,Entrada pueblo Puebla de Lillo,Ermita Virgen de las Nieves,3,1,3,false,3911,11,,POINT (315167.846109283 4763765.16432164),false,2
zona_rec.85822,85822,18,true,false,,PEUAR00017,,2011-06-13T00:00:00,1995-05-30T00:00:00,1,false,Carretera local GR-1,Ermita Virgen del Roblo,3,1,2,false,1967,11,,POINT (326385.070752142 4755737.94057688),false,1
zona_rec.85823,85823,18,true,false,,PEUAR00018,/Escalerillas de traviesas,2011-06-13T00:00:00,1995-05-30T00:00:00,1,false,Carretera N-621,Ermita de Pedrosa del Rey,1,1,3,false,5181,4,,POINT (339118.443932463 4759382.57555452),false,2
zona_rec.85824,85824,18,true,false,,PEUAR00019,En la senda PR.LE-28/Pasarela de madera,2011-06-13T00:00:00,1995-05-30T00:00:00,1,false,Pista forestal PR-LE.28,Ermita de Pegarúas,3,1,2,false,4590,11,,POINT (311618.420437347 4764499.56829235),false,2
zona_rec.85825,85825,18,true,false,,PEUAR00020,En la senda PR.LE-36,2011-06-13T00:00:00,1995-05-30T00:00:00,3,false,Carretera local PR-LE.36,Ermita de Pereda,2,1,3,false,1721,11,,POINT (325988.833514367 4752792.59190578),false,1
zona_rec.85826,85826,18,true,false,,PEUAR00021,,2011-06-13T00:00:00,1995-05-30T00:00:00,1,false,Pista forestal,Ermita de Retejerina,1,1,2,false,552,4,,POINT (336687.405102338 4751749.9287801),false,1
zona_rec.85827,85827,18,true,false,,PEUAR00022,En la senda GR.1,2011-06-13T00:00:00,1995-05-30T00:00:00,1,true,Pista asfaltada desde C-635,Ermita de Riosol,3,1,2,false,3907,11,,POINT (319581.353059289 4771464.14803738),false,2
zona_rec.85828,85828,18,true,false,,PEUAR00023,,2011-06-13T00:00:00,1995-05-30T00:00:00,1,false,Carretera LE-331,Fuente las Rogueras,1,1,2,false,104,4,,POINT (315947.961680664 4760120.67282761),false,1
zona_rec.85829,85829,18,true,false,,PEUAR00024,"En la senda PR.LE-25/Columpio, balancín y juego huellas",2011-06-13T00:00:00,1995-05-30T00:00:00,1,false,Entrada pueblo Horcadas,Horcadas,3,1,2,false,3733,11,,POINT (332997.095846396 4756275.08964082),false,2
zona_rec.85830,85830,18,true,false,,PEUAR00025,,2011-06-13T00:00:00,1995-05-30T00:00:00,1,false,Propio pueblo La Uña,La Uña,1,1,2,false,5928,4,,POINT (326083.156256099 4770245.55635551),false,1
zona_rec.85831,85831,18,true,false,,PEUAR00026,En la senda PR.LE-31,2011-06-13T00:00:00,1995-05-30T00:00:00,1,false,Propio pueblo Lario,Lario,3,1,3,false,9898,11,,POINT (329593.046980776 4767452.17055288),false,2
zona_rec.85832,85832,18,true,false,,PEUAR00027,En la senda PR.LE-52/Acceso cortado embalse lleno,2011-06-13T00:00:00,1995-05-30T00:00:00,4,false,Pista forestal desde N-621,Las Biescas,1,1,2,false,10027,4,,POINT (334435.70793499 4759439.3068082),false,1
zona_rec.85833,85833,18,true,false,,PEUAR00028,,2011-06-13T00:00:00,1995-05-30T00:00:00,3,true,Pista forestal desde pueblo de Las Salas,Las Salas,1,1,2,false,0,4,,POINT (328237.906875036 4755637.4617857),false,2
zona_rec.85834,85834,18,true,false,,PEUAR00029,En la senda PR.LE-32/Columpio y balancin,2011-06-13T00:00:00,1995-05-30T00:00:00,1,false,Entrada pueblo Liegos,Liegos,3,1,2,false,875,11,,POINT (330843.355682615 4765846.7616255),false,2
zona_rec.85835,85835,18,true,false,,PEUAR00030,La basura la recoge el Ayto. Boñar,2011-06-13T00:00:00,1995-05-30T00:00:00,1,false,Carretera LE-331,Lodares,3,1,2,false,5739,11,,POINT (316158.71196496 4757011.86200686),false,2
zona_rec.85836,85836,18,true,false,,PEUAR00031,En la senda GR.1,2011-06-13T00:00:00,1995-05-30T00:00:00,1,false,Salida pueblo PR-LE.51,Lois,3,1,2,false,3048,11,,POINT (325084.915791685 4761045.46616012),false,2
zona_rec.85837,85837,18,true,false,,PEUAR00032,En la senda PR.LE-53,2011-06-13T00:00:00,1995-05-30T00:00:00,1,true,Pista forestal PR-LE.35,Los Adiles,3,1,2,false,687,11,,POINT (339183.849064121 4752879.44923817),false,2
zona_rec.85838,85838,18,true,false,,PEUAR00033,En la senda PR.LE-20,2011-06-13T00:00:00,1995-05-30T00:00:00,1,false,Carretera C-635,Los Carbellares,3,1,2,false,1124,11,,POINT (324467.566830929 4771182.51735087),false,2
zona_rec.85839,85839,18,true,false,,PEUAR00034,Esta dentro zona de reserva Hormas. Uso vecinal excluSívamente,2011-06-13T00:00:00,1995-05-30T00:00:00,3,false,pista forestal Hormas,Los Casares,4,3,2,false,0,4,,POINT (339143.957950491 4762336.73978186),false,1
zona_rec.85840,85840,18,true,false,,PEUAR00035,En la senda PR.LE-29,2011-06-13T00:00:00,1995-05-30T00:00:00,1,false,Pista forestal PR-LE.29,Los Torcedos,3,1,2,false,656,17,,POINT (318635.056513716 4764327.58534147),false,1
zona_rec.85841,85841,18,true,false,,PEUAR00036,"En la senda GR.1/Columpio, balancín y juego de huellas",2011-06-13T00:00:00,1995-05-30T00:00:00,1,false,Propio pueblo Maraña,Maraña Polideportivo,3,1,3,false,1528,11,,POINT (322662.383278011 4768528.76744935),false,1
zona_rec.85842,85842,18,true,false,,PEUAR00037,En la senda PR.LE-25,2011-06-13T00:00:00,1995-05-30T00:00:00,1,false,Carretera N-621,Mirador de Huelde,3,1,3,false,2349,11,,POINT (332139.454985385 4756260.0404491),false,2
zona_rec.85843,85843,18,true,false,,PEUAR00038,En la senda PR-LE-22/La fuente esta en la subida al área,2011-06-13T00:00:00,1995-05-30T00:00:00,1,true,Pista forestal desde Portilla de la Reina,Mirador de Portilla,2,1,2,false,2334,11,,POINT (349273.326729671 4767148.76644559),false,2
zona_rec.85844,85844,18,true,false,,PEUAR00039,En la senda PR.LE-21,2011-06-13T00:00:00,1995-05-30T00:00:00,1,true,Pista forestal desde C-635,Mirva,3,1,3,false,4410,11,,POINT (332162.540366899 4765932.3800795),false,2
zona_rec.85845,85845,18,true,false,,PEUAR00040,Cerramiento parcial con bolardo,2011-06-13T00:00:00,1995-05-30T00:00:00,3,false,Pista forestal desde LE-331,Pardomino,2,1,2,false,9416,7,,POINT (313255.304545219 4754387.57108069),false,1
zona_rec.85846,85846,18,true,false,,PEUAR00041,En la senda PR.LE-31,2011-06-13T00:00:00,1995-05-30T00:00:00,1,false,Entrada pueblo Polvoredo,Polvoredo,3,1,2,false,55,11,,POINT (329305.933831861 4768922.94538125),false,1
zona_rec.85847,85847,18,true,false,,PEUAR00042,En la senda PR.LE-22,2011-06-13T00:00:00,1995-05-30T00:00:00,1,false,Pista forestal desde N-621,Portilla de la Reina,1,1,2,false,3253,4,,POINT (349508.800904151 4767024.63057966),false,1
zona_rec.85848,85848,18,true,false,,PEUAR00043,En la senda GR.1,2011-06-13T00:00:00,1995-05-30T00:00:00,1,false,Pista forestal desde C-635,Puerto de Picones,2,1,2,false,2390,11,,POINT (347628.720090247 4753486.24077681),false,2
zona_rec.85849,85849,18,true,false,,PEUAR00044,Portón de madera entrada,2011-06-13T00:00:00,1995-05-30T00:00:00,1,false,Carretera LE-234,Puerto del Pando,1,1,2,false,2952,4,,POINT (340941.670477486 4754706.16204619),false,1
zona_rec.85850,85850,18,true,false,,PEUAR00045,"En la senda PR.LE-29/Pista polideportiva, juego escalada, tobogán y juego muelle",2011-06-13T00:00:00,1995-05-30T00:00:00,1,false,Propio pueblo Redipollos,Redipollos,2,1,3,false,1643,11,,POINT (315901.532769311 4763720.97029886),false,1
zona_rec.85851,85851,18,true,false,,PEUAR00046,"En la senda PR.LE-18/Columpio, bancín y juego huellas",2011-06-13T00:00:00,1995-05-30T00:00:00,1,false,Carretera local Reyero,Reyero,3,1,3,false,1752,11,,POINT (320110.389402546 4757603.28758993),false,2
zona_rec.85852,85852,18,true,false,,PEUAR00047,,2011-06-13T00:00:00,1995-05-30T00:00:00,1,false,Carretera local,Rio Orza,1,1,2,false,11481,4,,POINT (339378.428509579 4768911.16327362),false,1
zona_rec.85853,85853,18,true,false,,PEUAR00048,En la senda PR.LE-24,2011-06-13T00:00:00,1995-05-30T00:00:00,1,false,Carretera N-621,San Glorio,4,1,2,false,606,4,,POINT (356205.57578644 4769746.01427546),false,2
zona_rec.85854,85854,18,true,false,,PEUAR00049,En la senda PR.LE-54,2011-06-13T00:00:00,1995-05-30T00:00:00,1,false,Propio pueblo Síero de la Reina,Síero,3,1,3,false,174,11,,POINT (345258.195218631 4755502.91005713),false,1
zona_rec.85855,85855,18,true,false,,PEUAR00050,,2011-06-13T00:00:00,1995-05-30T00:00:00,1,false,Carretera N-621,Suelta Grande,2,1,3,false,9179,11,,POINT (346638.019918431 4763840.60048871),false,2
zona_rec.85856,85856,18,true,false,,PEUAR00051,,2011-06-13T00:00:00,1995-05-30T00:00:00,1,false,Propio pueblo Vegacerneja,Sutiello,3,1,3,false,1116,11,,POINT (336159.663512881 4766721.68993537),false,2
zona_rec.85857,85857,18,true,false,,PEUAR00052,La basura la recoge el Ayto. Boñar,2011-06-13T00:00:00,1995-05-30T00:00:00,1,true,Pista forestal desde LE-331,Valcabrero,2,1,3,false,4775,11,,POINT (312119.588594784 4754367.20734599),false,2
zona_rec.88833,88833,18,true,false,,RCDAR00001,"Terreno municipal, área recreativa de ejecución, propiedad y gestión de la Reserva",2009-11-09T00:00:00,2002-04-11T00:00:00,3,false,,Valdecabra,1,1,2,false,300,4,,POINT (321656.486165574 4588238.43556051),false,1
zona_rec.88834,88834,18,true,false,,RCDAR00002,"Terreno de la Confederación Hidrográfica del Duero, área recreativa de ejecución, propiedad y gestión de la Reserva; se incluye la barbacoa y bancos exteriores al refugio de pescadores, de libre acceso y junto al resto de las mesas",2009-11-09T00:00:00,2002-04-11T00:00:00,3,false,,Escenario Deportivo Social de Pesca de Castronuño,3,1,1,false,400,3,,POINT (311769.139684497 4585855.33985187),false,1
zona_rec.88955,88955,18,true,false,,SCLAR00001,LIC Sabinares de la Sierra de Cabrejas,2010-05-28T00:00:00,2009-01-01T00:00:00,1,true,,Molino Ranero,1,1,3,false,900,4,,POINT (512503.4139124 4624360.10924506),false,2
zona_rec.89079,89079,18,false,false,,SGRAR00001,Cerramiento de barbacoas con muro de piedra,2010-06-15T00:00:00,1996-06-20T00:00:00,1,false,"Carretera de Arenas a Candeleda Km 16, desvío indicado a la derecha y 3,4 km de pista asfaltada.",Arbillas,1,1,2,false,2800,1,,POINT (317248.836040839 4450577.35989865),false,2
zona_rec.89080,89080,18,false,false,,SGRAR00002,"En un pilón contraincendios pequeño y con solo una mesa de piedra,acera de piedra",2010-06-15T00:00:00,1996-06-20T00:00:00,4,false,"Desde la C-501 de Arenas a Candeleda, Km 7,8  siguiendo los indicadores a 1,5 km por la carretera forestal de Arbillas, en coche",Fuente Arrontejo,3,1,2,false,250,5,,POINT (318208.949646417 4451464.28596842),false,4
zona_rec.89081,89081,18,false,false,,SGRAR00003,,2010-06-15T00:00:00,1996-06-20T00:00:00,4,false,"Desde la C-501 de Arenas a Candeleda, Km 7,8  siguiendo los indicadores a 0,5 km por la carretera forestal de Arbillas, en coche",Merendero de la casa,4,1,2,false,300,4,,POINT (317237.961663381 4450586.29589358),false,1
zona_rec.89082,89082,18,true,false,,SGRAR00004,"Zona de baño de Arenas en el río Arenal. Con sombras, bar y vestuarios.",2010-06-15T00:00:00,1996-06-20T00:00:00,1,false,"Carretera de Arenas de San Pedro a El Hornillo. A 1,2 Km de Arenas de san Pedro.",Piscina natural Arenas de San Pedro,3,1,2,false,8000,6,,POINT (321661.277410695 4453912.74886599),false,4
zona_rec.89083,89083,18,true,false,,SGRAR00005,"Zona muy frecuentada, salto de agua por debajo de la carretera y quiosco de verano",2011-06-13T00:00:00,1996-06-20T00:00:00,2,false,"Carretera de Arenas a Candeleda Km 6, a ambos lados de la carretera y antes del puente",Rio Abillas,2,3,2,false,1000,11,,POINT (317261.844702936 4450233.56845405),false,2
zona_rec.89084,89084,18,true,true,false,SGRAR00006,Cerramiento de barbacoas con muro de piedra.Bar. Aparcamientos grandes. Zona de baño en el río Pelayos. Pilón contra incendios. Setos y vallados de madera. Cartel indicador de Area Recreativa y de coto de pesca.,2010-06-15T00:00:00,1996-06-20T00:00:00,1,false,"Por la carretera C-501 de Arenas de San Pedro en dirección a Poyales del Hoyo, en el pk 3,4 junto a la carretera y río Pelayos",Río Pelayo,2,1,3,false,8000,11,,POINT (320126.431546765 4452297.5030018),false,2
zona_rec.89085,89085,18,true,false,,SGRAR00007,"Aparcamientos en zona de sombra , con varios establecimientos de bares y merenderos.Tiene zona de baño sobre la garganta de Santa Maria, desde Candeleda se llega andando en 5 minutos",2010-06-15T00:00:00,1996-06-20T00:00:00,1,true,"Casco urbano de Candeleda por arriba del puente sobre la garganta de Santa María, señalizado.",Charco Carreras,3,1,2,false,12000,36,,POINT (308932.001515417 4448393.70695321),false,2
zona_rec.89086,89086,18,true,false,,SGRAR00008,"Zona verde, Kiosco de verano , seto de cipreses. Zona de baño en la Garganta de Chilla con tablones en un muro artificial de 15 m de largo. En la otra orilla con sombra, en la entrada al Campamento juvenil San francisco de Asís. Bar, restaurante.",2010-06-15T00:00:00,1996-06-20T00:00:00,1,true,"Carretera del Raso, despues de la garganta de Chilla, a 2,5 kilómetros del cruce con la C-501.Por la carretera C.501 de Candeleda hacia Madrigal de la Vera, en el pk 24,9 se toma a la derecha un desvío que señaliza el área y se dirige a El Raso y tras 2,4 km.",Los Riveros,3,1,2,false,8000,9,,POINT (303291.128601269 4448057.31743385),false,2
zona_rec.89087,89087,18,true,false,false,SGRAR00009,"Quiosco de verano, servicio de vestuarios. Dos zonas de aparcamientos, a la subida y dentro de la zona deportivas.",2010-06-15T00:00:00,1996-06-20T00:00:00,1,false,Se llega desde el pueblo de Cuevas por una cuesta inclinada indicada en la carretera nacional.,El Plantío,3,1,2,false,12000,30,,POINT (329300.342591032 4461843.74896852),false,2
zona_rec.89088,89088,18,false,false,,SGRAR00010,"Pilón de incendios. Árboles plantados, sin aparcamiento. En el Rodal 23.",2010-06-15T00:00:00,1996-06-20T00:00:00,4,false,En la carretera de Mombeltran a El Arenal.,Fuente de Las Majadas,1,1,2,false,1200,1,,POINT (324727.80307857 4458045.7909972),false,1
zona_rec.89089,89089,18,false,false,,SGRAR00011,"Situada en la pista de La Centenera, en monte público.",2010-06-15T00:00:00,1996-06-20T00:00:00,3,false,"Carretera desde El Arenal al Puerto del Pico. A 3,5 km. del pueblo",Pino Gordo,1,1,2,false,500,1,,POINT (323430.341971919 4461785.86637699),false,4
zona_rec.89090,89090,18,true,true,,SGRAR00012,Refugio cerrado. Pilon de incendios. Parrillas cerradas con muro de piedra. Señalización de Area Recreativa. Arboles grandes de pinus nigra y nogal.,2010-06-15T00:00:00,1996-06-20T00:00:00,1,true,"Por la pista forestal asfaltada y señalizada "" Charco Verde"" que parte a 0,4 km de El Hornillo, a la izquierda, a la altura del puente la Francisca sobre el río de Los Cantos.",La Francisca,2,1,3,false,5000,11,,POINT (318827.641839879 4458619.41269122),false,1
zona_rec.89091,89091,18,true,false,,SGRAR00013,Cerraniento de parrillas con muro de piedra. Refugio de la La Lancha del Rey cercano. Señalizacion de area recreativa.,2010-06-15T00:00:00,1996-06-20T00:00:00,4,true,"Por la pista forestal asfaltada "" Charco Verde"" que parte a 0,4 km de El Hornillo. Próxima al refugio de La Lancha del Rey.",La Lancha del Rey o La Cebedilla,1,1,2,false,5000,1,,POINT (319445.110404285 4459467.90159418),false,1
zona_rec.89092,89092,18,false,false,,SGRAR00014,"Muy pequeña, a la salida del Hornillo. Pilon contra incendios",2010-06-15T00:00:00,1996-06-20T00:00:00,3,true,"Por la pista forestal asfaltada y señalizada  ""Charco Verde"" que parte a 0,4 km de El Hornillo.",Las Escarilluelas,1,1,2,false,200,1,,POINT (320496.919065307 4457508.21553946),false,1
zona_rec.89093,89093,18,false,false,,SGRAR00015,"Muy pequeña, a la entrada de Domingo Fernando. Tiene un pilon contra incendios",2010-06-15T00:00:00,1996-06-20T00:00:00,4,false,"Por la pista forestal asfaltada y señalizada ""Charco Verde"" que parte a 0,4 km de El Hornillo; a 4,9 km se toma un desvío a la izquierda y tras 0,7 km se toma a la izquierda un desvío en dirección al refugio de Domingo Fernando y a 200 antes de la plataforma del mismo nombre.",Los Chorlitos,1,1,2,false,2000,1,,POINT (318486.942091396 4459015.19637822),false,1
zona_rec.89094,89094,18,true,false,,SGRAR00016,Cerramiento de barbacoas con muro de piedra. Plaza de toros cercana. Casco urbano de Guisando. Bar restaurante con terraza con vistas. Juegos de niños. Parque de aventuras de árboles cercana. Casa del Parque del Risquillo.,2010-06-15T00:00:00,1996-06-20T00:00:00,1,false,"En el pueblo de Guisando. Desde Guisando, cruzado el puente sobre el río Pelayos y el primer desvio a la derecha",El Risquillo,1,1,3,false,8000,1,,POINT (317670.146222414 4454522.51550079),false,2
zona_rec.89095,89095,18,false,false,,SGRAR00017,"En la carretera de Guisando a Poyales, salendo desde el fogon de Gredos, despues de la fuente del Valle( comprobar en la ubicación)",2010-06-15T00:00:00,1996-06-20T00:00:00,4,false,"Por la pista forestal asfaltada ""Portezuelo"" que une Guisando con la carretera C-501 y que parte a la altura del camping Los Galayos, a la izquierda.",Fuente del Poyal,1,1,2,false,600,1,,POINT (317639.955545787 4453179.26527068),false,1
zona_rec.89096,89096,18,false,false,,SGRAR00018,Cerramiento de barbacoas con muro de piedra,2010-06-15T00:00:00,1996-06-20T00:00:00,4,true,Desde Guisando por la carretera a la torre de la Sillita,Fuente del Valle,1,1,2,false,500,1,,POINT (317648.184829817 4453688.32985189),false,1
zona_rec.89097,89097,18,true,true,false,SGRAR00019,Árbol catalogado. Cabañas de pastores restauradas cercanas.Aparacamientos. Inicio de sendas. Kiosco. Agua frecuente.,2010-06-15T00:00:00,1996-06-20T00:00:00,1,true,"Pista forestal asfaltada del Nogal de Barranco, en Guisando. A 4,7 Km. del pueblo de Guisando.",Nogal del Barranco,1,1,3,false,14000,1,,POINT (316026.690475308 4455994.26960765),false,2
zona_rec.89098,89098,18,true,true,,SGRAR00020,"Zona muy cercana al Camping Gredos, con zona de descanso grande, entre pinos, con el rio Tormes cercano y piscina natural. Señalizacion de parque y del propio Area recreativa. Pasa en GR-10. Zona cercana a campamentos de verano",2010-06-15T00:00:00,1996-06-20T00:00:00,1,true,"Por la carretera a la Plataforma de Gredos, a 1,6 km a la altura del puente del Duque sobre el río Tormes.",Puente del Duque,1,1,3,false,20000,1,,POINT (315320.94104547 4467627.04470844),false,2
zona_rec.89099,89099,18,true,false,,SGRAR00021,Próxima al puente del río Aravalle,2010-06-15T00:00:00,1996-06-20T00:00:00,1,true,"Por la carretera N-110 y en la entrada a el pueblo de La Carrera, por una pista con direccion al rio. Despues de 0,6 km se llega al puente.",La Carrera,3,1,2,false,1800,11,,POINT (283653.346798697 4468809.05796992),false,2
zona_rec.89100,89100,18,false,false,,SGRAR00022,"En la carretera que une Mombeltran con El Arenal, con una",2010-06-15T00:00:00,1996-06-20T00:00:00,3,false,"Por la carretera de Mombeltrán hacia El Arenal, a la izquierda junto a la carretera.",Chinas Blancas,1,1,2,false,1300,1,,POINT (325690.857398077 4458113.21125369),false,1
zona_rec.89101,89101,18,true,false,,SGRAR00023,"Quiosco, pilón contra incendios, zona de baño en el río por medio de una represa.",2010-06-15T00:00:00,1996-06-20T00:00:00,1,true,Carretera de Mombeltrán a Ramacastañas. Desviarse por la pista forestal hacia el campamento de Playas Blancas,Playas Blancas,3,1,2,false,7500,7,,POINT (326921.605414926 4454184.0015307),false,4
zona_rec.89102,89102,18,false,false,,SGRAR00024,Represa en el arroyo de la Garganta de los pozos. Zona de mesas y parrillas ocupan 1/2 Ha entre el río y la pista forestal a La Amoclón.,2010-06-15T00:00:00,1996-06-20T00:00:00,4,false,Carretera de Mombeltrán a Ramacastañas. Entre la garganta de los Pozos y Río Puerto.,Pozos de Felipe,1,1,2,false,2500,1,,POINT (326825.386330215 4453806.94304619),false,4
zona_rec.89103,89103,18,true,true,,SGRAR00025,Zona de baño cercana. Bar en verano. Amplios aparcamientos. Señalizacion del Parque.,2010-06-15T00:00:00,1996-06-20T00:00:00,1,true,"Por la carretera de Navalonguilla hacia Navalguijo, a la altura del puente sobre La Garganta de los Caballeros.",El Berrocal,2,1,3,false,15000,3,,POINT (286088.634334474 4460572.08579414),false,2
zona_rec.89104,89104,18,true,false,,SGRAR00026,"Posibilidad de mejorar, muy cerca del rio Tormes. Inicio de senda de cinco lagunas",2010-06-15T00:00:00,1996-06-20T00:00:00,4,true,"Por la pista forestal asfaltada de Navalperal de Tormes al río Tormes. Cruzado el puente sobre el río Tormes o siguiendo el GR-10, a la altura del puente sobre el río Tormes en Navalperal.",Prado del Toro,1,1,2,false,6000,1,,POINT (305515.089168504 4468885.07149327),false,1
zona_rec.89105,89105,18,true,false,false,SGRAR00027,"Entre dos brazos del rio Tormes. Amplio y llano, cercano a campamentos de verano.",2010-06-15T00:00:00,1996-06-20T00:00:00,1,true,Desde Navarredonda de Gredos con dirección a Valdeascas o el rio Tormes pasado el camping y el primer puentecillo sobre el Tormes,Tamborrios,2,1,3,false,4500,11,,POINT (319061.993922359 4467458.01104487),false,1
zona_rec.89106,89106,18,true,false,,SGRAR00028,"Con zona verde, sombra de olmos y seto de cipreses. Mirador al pueblo y al barranco de las Cinco Villas.",2010-06-15T00:00:00,1996-06-20T00:00:00,1,false,En la carretera de San Esteban a Santa Cruz. Zona próxima al pueblo.,Ermita de San Andrés,1,1,2,false,4500,4,,POINT (331232.159078412 4459223.02576278),false,2
zona_rec.89107,89107,18,false,false,,SGRAR00029,Fuente con tres caños.,2010-06-15T00:00:00,1996-06-20T00:00:00,4,false,En un ensanche de la carretera AV-913 en la subida al puerto de Serranillos.,Fuente de los Morenos.,1,1,2,false,100,1,,POINT (334025.06579156 4463669.44987264),false,1
zona_rec.89108,89108,18,false,false,,SGRAR00030,,2010-06-15T00:00:00,1996-06-20T00:00:00,4,false,Al pie de la carretera pasado el cruce del puerto de Serranillos con el de Pedro Bernardo.,La Chinita,1,1,2,false,200,1,,POINT (333177.728251222 4459118.0334217),false,4
zona_rec.89109,89109,18,true,true,,SGRAR00031,Arbolado. Con bar. Entrada de puertas de madera. Señalizado. Zona natural de baño: Puente medieval de un solo ojo. Q Calidad.,2010-06-15T00:00:00,1996-06-20T00:00:00,1,true,"Desde Navacepeda de Tormes, cruzado el río Tormes y por la carretera de Barbellido. Desde el camino de la Plataforma, en el Km 7 antes del puente de Las juntas, camino de Barbellido.",Pozo de las Paredes,3,2,3,false,4000,36,,POINT (308913.268395058 4468554.83471335),false,2
zona_rec.89110,89110,18,false,false,,SGRAR00032,Pequeña zona de merendero al lado de una regadera del rio Tormes,2010-06-15T00:00:00,1996-06-20T00:00:00,4,false,"Por la carretera C-500 de La Aliseda de Tormes a Navalperal de Tormes, a 1,7 km en el pk 38,6 parte una pista a la derecha que tras 0,1 km conduce al merendero.",La Aliseda,1,1,2,false,850,1,,POINT (297885.180154172 4467236.08622216),false,1
zona_rec.89111,89111,18,false,false,,SGRAR00033,,2010-06-15T00:00:00,1996-06-20T00:00:00,4,false,"Por la carretera C-500 de La Aliseda de Tormes a Navalperal de Tormes, a 1,7 km en el pk 38,6 parte una pista a la derecha que tras 0,1 km conduce al merendero.",Las Colmenillas,4,1,2,false,0,4,,POINT (297885.180154172 4467236.08622216),false,3
zona_rec.89112,89112,18,true,false,,SGRAR00034,"Explanada con arboles, antiguas eras de trillar, fuente y zona de recreo.",2010-06-15T00:00:00,1996-06-20T00:00:00,4,false,En casco urbano del Tremedal.,Monumento al pastor,1,1,2,false,2000,1,,POINT (277356.400121888 4470128.74796632),false,4
zona_rec.89113,89113,18,true,true,,SGRAR00035,Amplia zona con canchas deportivas. Pasa en GR-10,2010-06-15T00:00:00,1996-06-20T00:00:00,1,true,Desde el pueblo de Umbrias por la carretera que conduce a la Vega del Escobar a unos 200 metros a la salida del pueblo en el puente sobre el rio Aravalle,Umbrías,3,1,3,false,20000,11,,POINT (280588.729158831 4466157.66814455),false,2
zona_rec.89114,89114,18,true,false,,SGRAR00036,"Señal del Parque con plano e información municipal, en un mirador al pueblo de Villarejo.",2010-06-15T00:00:00,1996-06-20T00:00:00,1,true,"Carretera de Cuevas del Valle a Villarejo, a escasos metros del pueblo.",La Cantera de Villarejo,1,1,2,false,8000,1,,POINT (329717.255996428 4461425.5633301),false,2
zona_rec.89115,89115,18,true,false,false,SGRAR00037,"Pista de tierra para llegar hasta allí. Zona muy amplia con buenas vistas a los Riscos de Villarejo.
Mesas y bancos de piedra",2010-06-15T00:00:00,1996-06-20T00:00:00,1,false,"Por la pista cementada que parte de Villarejo del Valle y sube hacia el monte, a 0,9 km una vez se termina, se toma a la derecha un desvío por una pista de tierra que tras 0,9 km conduce al area recreativa.",Los Rozos,3,1,2,false,15000,11,,POINT (330280.800445738 4462894.15707512),false,2
zona_rec.89116,89116,18,false,false,,SGRAR00038,"Una zona apartada de la carretera, en subida por una escalera de piedra y barandilla de piedra y completamente abandonada. Ya en desuso.",2010-06-15T00:00:00,1996-06-20T00:00:00,4,true,Por la carretera N-502 a la altura del puerto el Pico.,Puerto del Pico,1,1,3,false,1200,1,,POINT (328945.814727529 4465430.12632033),false,1
zona_rec.89117,89117,18,true,true,,SGRAR00039,Nueva zona cercana al rio Tormes...Puente nuevo sobre el Tormes.,2010-06-15T00:00:00,1996-06-20T00:00:00,1,true,Por la carretera de Hoyos del Espino a Barco de Avila en la bajada al rio Tormes cerca del cruce con Zapardiel de la Rivera,La Puente,1,1,3,false,2500,1,,POINT (302540.293416124 4468316.61203412),false,2
zona_rec.89555,89555,18,true,false,,VLIAR00001,,2010-01-11T00:00:00,1997-06-17T00:00:00,1,false,,Los Andrinos,4,1,2,false,50,1,,POINT (371469.067660976 4470027.67221483),false,1
zona_rec.89556,89556,18,true,true,,VLIAR00002,,2010-01-11T00:00:00,1997-06-17T00:00:00,1,true,,Las Barrancas,4,1,2,false,3000,11,,POINT (370525.630428533 4468332.05071764),false,3
zona_rec.89557,89557,18,true,false,,VLIAR00003,,2010-01-11T00:00:00,1997-06-17T00:00:00,1,true,,El Regajo,4,1,1,false,6000,11,,POINT (371610.539528736 4468624.74236882),false,2
zona_rec.89558,89558,18,true,true,,VLIAR00004,,2010-01-11T00:00:00,1997-06-17T00:00:00,1,true,,Siempreverde,4,1,1,false,3000,6,,POINT (366620.053786667 4474173.22342021),false,2
zona_rec.89990,89990,18,,,,,,,,,,,1,,,,,,,,POINT (482820.48527733533 4630535.801244115),,
zona_rec.89991,89991,18,,,,,,,,,,,2,,,,,,,,POINT (484065.46971547604 4631523.6693309015),,
zona_rec.89992,89992,18,,,,,,,,,,,3,,,,,,,,POINT (484566.1699786414 4633364.081109023),,
zona_rec.89993,89993,18,,,,,,,,,,,4,,,,,,,,POINT (483700.0938477609 4631753.720803167),,
zona_rec.90084,90084,18,true,false,false,LGBAR00001,,2012-12-03T00:00:00,1990-10-11T00:00:00,3,false,,Laguna de La Baña,1,2,2,false,,,,POINT (190877.634840107 4685461.957094244),,1
zona_rec.90085,90085,18,true,false,false,LGTAR00001,,,1990-10-11T00:00:00,2,false,,La Tiembla,2,1,2,false,,16,,POINT (213086.20710861063 4681246.4043849185),,2
zona_rec.90086,90086,18,true,false,false,LGTAR00002,,,1990-10-11T00:00:00,2,false,,Truchillas,,1,2,false,,,,POINT (207346.23017217164 4679953.245802531),,1
